URL,Title,Date
https://www.theguardian.com/world/2004/jul/25/jasonburke.theobserver,"Muslim rebels light fuse in Thailand",2004-07-25
https://www.theguardian.com/world/2004/oct/27/thailand,"80 die in Thai police custody",2004-10-27
https://www.theguardian.com/world/2004/oct/26/thailand?CMP=gu_com,"78 Thais die in police trucks",2004-10-26
https://www.theguardian.com/world/2004/may/06/worlddispatch.johnaglionby,"Facing up to reality",2004-05-06
https://www.theguardian.com/theguardian/2005/feb/28/theeditorpressreview.thailand,"Thailand wants an end to separatist unrest",2005-02-28
https://www.theguardian.com/world/2005/mar/28/thailand,"Militants bomb Thai train",2005-03-28
https://www.theguardian.com/world/2006/sep/04/thailand,"Thai insurgency death toll put at 1,730",2006-09-04
https://www.theguardian.com/world/2006/jan/28/comment.simontisdall,"By day, there is a quiet menace, by night, the shootings begin",2006-01-28
https://www.theguardian.com/world/2006/sep/21/thailand2,"Exiled rebel leader welcomes Thai coup",2006-09-21
https://www.theguardian.com/world/2008/jan/14/thailand.ianmackinnon,"Insurgents kill eight Thai troops in ambush",2008-01-14
https://www.theguardian.com/commentisfree/2009/dec/01/thailand-malay-muslims,"Blood flows in Thailand's deep south",2009-12-01
https://www.theguardian.com/world/2013/feb/28/thailand-muslim-separatists-peace-talks,"Thailand and Muslim separatists agree to peace talks",2013-02-28
https://www.theguardian.com/world/2015/may/15/string-of-bomb-attacks-in-thailands-restive-south-injure-18-people,"String of bomb attacks in Thailand's restive south injure 18 people",2015-05-15
https://www.theguardian.com/world/2015/jul/11/seven-dead-and-dozens-injured-in-attacks-in-thailands-south,"Seven dead and dozens injured in attacks in Thailand's south",2015-07-11
https://www.theguardian.com/world/2015/apr/11/koh-samui-car-bomb-seven-people-hurt-on-thai-tourist-island,"Koh Samui car bomb: seven people hurt on Thai tourist island",2015-04-11
https://www.theguardian.com/world/2015/nov/13/four-die-in-southern-thailand-bombing,"Four die in southern Thailand bombing",2015-11-13
https://www.theguardian.com/world/2015/aug/18/bangkok-bomb-not-in-keeping-with-insurgent-attacks-says-army-chief,"Bangkok blast: Thailand hunts CCTV suspect as device 'thrown from bridge'",2015-08-18
https://www.theguardian.com/global-development/2016/aug/24/bridging-language-divide-thailand-muslim-patani-malay-schools-ethnic-tension,"Bridging the language divide in Thailand's strife-torn deep south",2016-08-24
https://www.theguardian.com/world/2016/aug/24/two-bombs-explode-in-thai-beach-resort-of-pattani,"Two bombs explode in Thai coastal town of Pattani",2016-08-24
https://www.theguardian.com/world/2016/aug/19/thai-police-hunt-one-man-confusing-inquiry-into-bombings,"Thai police hunt one man in confusing inquiry into bombings",2016-08-19
https://www.theguardian.com/world/2016/aug/11/one-dead-and-20-injured-in-two-bomb-blasts-in-hua-hin-thailand,"Thai resorts of Phuket and Hua Hin hit by deadly explosions",2016-08-11
https://www.theguardian.com/world/live/2016/aug/12/thailand-explosions-resort-towns-phuket-hua-hin?filterKeyEvents=false&page=with:block-57ad4e6fe4b024cdec3d6c41,"Thailand bombs: travel warnings as tourist resorts hit by fatal explosions – as it happened",2016-08-12
https://www.theguardian.com/world/2016/aug/12/thailand-attacks-who-are-likely-perpetrators,"Thailand attacks: who are the likely perpetrators?",2016-08-12
https://www.theguardian.com/world/2019/nov/06/dead-killed-in-biggest-attack-in-thailands-restive-south-in-years,"Thailand: at least 15 killed in biggest attack in restive south in years",2019-11-06
https://www.theguardian.com/global-development/2021/aug/17/the-woman-on-a-mission-to-expose-torture-in-thailands-troubled-south,"The woman on a mission to expose torture in Thailand’s troubled south",2021-08-17
